{"$schema":"http://schema.management.azure.com/schemas/2015-01-01/deploymentTemplate.json#","contentVersion":"1.0.0.0","parameters":{"factoryName":{"type":"string","metadata":"Data Factory name"},"ls_azure_sqldb_mdap_001":{"type":"string"},"ls_mdap_card_data_on_prem_db_env_001":{"type":"string"},"ls_mdap_sa":{"type":"string"},"ls_azure_sqldw_mdap_001":{"type":"string"}},"variables":{"factoryId":"[concat('Microsoft.DataFactory/factories/', parameters('factoryName'))]"},"resources":[{"name":"[concat(parameters('factoryName'), '/pl_mdap_card_data_deltaLoad')]","type":"Microsoft.DataFactory/factories/pipelines","apiVersion":"2018-06-01","properties":{"activities":[{"name":"ForEach_Table","type":"ForEach","dependsOn":[{"activity":"lu_DeltaTablesFromControlTable","dependencyConditions":["Succeeded"]}],"userProperties":[],"typeProperties":{"items":{"value":"@activity('lu_DeltaTablesFromControlTable').output.value","type":"Expression"},"activities":[{"name":"lu_GetDeltaRecordsCount","type":"Lookup","dependsOn":[],"policy":{"timeout":"7.00:00:00","retry":0,"retryIntervalInSeconds":30,"secureOutput":false,"secureInput":false},"userProperties":[],"typeProperties":{"source":{"type":"SqlServerSource","sqlReaderStoredProcedureName":"[[dbo].[spMDAPGetDeltaRecordCount]","storedProcedureParameters":{"pTableName":{"type":"String","value":{"value":"@item().TableName","type":"Expression"}},"pSelectAll":{"type":"Boolean","value":{"value":"@item().SelectAll","type":"Expression"}},"pSchemaName":{"type":"String","value":{"value":"@item().SchemaName","type":"Expression"}},"pPKColumnName":{"type":"String","value":{"value":"@item().PKColumnName","type":"Expression"}},"pSysChangeVersion":{"type":"Int64","value":{"value":"@item().SysChangeVersion","type":"Expression"}}},"queryTimeout":"02:00:00"},"dataset":{"referenceName":"ds_mdap_card_data_source_tables_001","type":"DatasetReference","parameters":{}},"firstRowOnly":true}},{"name":"Copy_DeltaDataToADLS","type":"Copy","dependsOn":[{"activity":"lu_GetDeltaRecordsCount","dependencyConditions":["Succeeded"]}],"policy":{"timeout":"0.00:30:00","retry":0,"retryIntervalInSeconds":30,"secureOutput":false,"secureInput":false},"userProperties":[],"typeProperties":{"source":{"type":"SqlServerSource","sqlReaderStoredProcedureName":"[[dbo].[spMDAPGetDeltaByTableName]","storedProcedureParameters":{"pPKColumnName":{"type":"String","value":{"value":"@item().PKColumnName","type":"Expression"}},"pTableName":{"type":"String","value":{"value":"@item().TableName","type":"Expression"}},"pStartTime":{"type":"DateTime","value":{"value":"@if(equals(item().SelectAll,1),null,item().StartTime)","type":"Expression"}},"pRecordCount":{"type":"Int64","value":{"value":"@activity('lu_GetDeltaRecordsCount').output.firstRow.DeltaRecordCount","type":"Expression"}},"pSelectAll":{"type":"Boolean","value":{"value":"@item().SelectAll","type":"Expression"}},"pSchemaName":{"type":"String","value":{"value":"@item().SchemaName","type":"Expression"}},"pSysChangeVersion":{"type":"Int64","value":{"value":"@item().SysChangeVersion","type":"Expression"}},"pCurrentSysChangeVersion":{"type":"Int64","value":{"value":"@activity('lu_GetDeltaRecordsCount').output.firstRow.VersionID","type":"Expression"}}},"queryTimeout":"02:00:00"},"sink":{"type":"DelimitedTextSink","storeSettings":{"type":"AzureBlobFSWriteSettings"},"formatSettings":{"type":"DelimitedTextWriteSettings","quoteAllText":true,"fileExtension":".csv"}},"enableStaging":false},"inputs":[{"referenceName":"ds_mdap_card_data_source_tables_001","type":"DatasetReference","parameters":{}}],"outputs":[{"referenceName":"ds_deltaSinkCompressedFile","type":"DatasetReference","parameters":{"fileName":{"value":"@toLower(if(equals(item().SelectAll,True),concat(item().TableName,'.gz'),concat(formatDateTime(subtractFromTime(item().StartTime,item().IntervalMinutes,'Minute'),'yyyy_MM_dd_HH_mm'),'.gz')))","type":"Expression"},"folderPath":{"value":"@toLower(if(equals(item().SelectAll,True),concat(variables('DBName'),'/raw/master_data/'),concat(variables('DBName'),'/raw/',item().TableName,'/',formatDateTime(subtractFromTime(item().StartTime,item().IntervalMinutes,'Minute'),'yyyy-MM-dd-HH/'))))","type":"Expression"}}}]},{"name":"sp_UpdateAfterDeltaLoadSuccess","type":"SqlServerStoredProcedure","dependsOn":[{"activity":"Copy_DeletedRecordsDWH","dependencyConditions":["Succeeded"]}],"policy":{"timeout":"7.00:00:00","retry":0,"retryIntervalInSeconds":30,"secureOutput":false,"secureInput":false},"userProperties":[],"typeProperties":{"storedProcedureName":"[[dbo].[spManageRuns]","storedProcedureParameters":{"pFailureCount":{"value":{"value":"@item().FailureCount","type":"Expression"},"type":"Int32"},"pIntervalMinutes":{"value":{"value":"@item().IntervalMinutes","type":"Expression"},"type":"Int32"},"pProcessType":{"value":{"value":"@{item().ProcessType}","type":"Expression"},"type":"String"},"pSchemaName":{"value":{"value":"@variables('DBName')","type":"Expression"},"type":"String"},"pStartTime":{"value":{"value":"@{item().StartTime}","type":"Expression"},"type":"DateTime"},"pSuccess":{"value":{"value":"@if(equals(activity('Copy_DeltaDataToADLS').Output.executionDetails[0].status,'Failed'),False,True)","type":"Expression"},"type":"Boolean"},"pTableName":{"value":{"value":"@{item().TableName}","type":"Expression"},"type":"String"},"pSelectAll":{"value":{"value":"@item().SelectAll","type":"Expression"},"type":"Boolean"},"pRecordCount":{"value":{"value":"@activity('lu_GetDeltaRecordsCount').output.firstRow.DeltaRecordCount","type":"Expression"},"type":"Int64"},"pSysChangeVersion":{"value":{"value":"@activity('lu_GetDeltaRecordsCount').output.firstRow.VersionID","type":"Expression"},"type":"Int64"}}},"linkedServiceName":{"referenceName":"[parameters('ls_azure_sqldb_mdap_001')]","type":"LinkedServiceReference"}},{"name":"sp_UpdateAfterDeltaLoadFailure","type":"SqlServerStoredProcedure","dependsOn":[{"activity":"CreateEmptyFileWithHeader_DWHFolder","dependencyConditions":["Succeeded"]}],"policy":{"timeout":"7.00:00:00","retry":0,"retryIntervalInSeconds":30,"secureOutput":false,"secureInput":false},"userProperties":[],"typeProperties":{"storedProcedureName":"[[dbo].[spManageRuns]","storedProcedureParameters":{"pFailureCount":{"value":"1","type":"Int32"},"pIntervalMinutes":{"value":{"value":"@{item().IntervalMinutes}","type":"Expression"},"type":"Int32"},"pProcessType":{"value":{"value":"@{item().ProcessType}","type":"Expression"},"type":"String"},"pSchemaName":{"value":{"value":"@variables('DBName')","type":"Expression"},"type":"String"},"pStartTime":{"value":{"value":"@{item().StartTime}","type":"Expression"},"type":"DateTime"},"pSuccess":{"value":{"value":"False","type":"Expression"},"type":"Boolean"},"pTableName":{"value":{"value":"@{item().TableName}","type":"Expression"},"type":"String"},"pSelectAll":{"value":{"value":"@{item().SelectAll}","type":"Expression"},"type":"Boolean"},"pRecordCount":{"value":{"value":"0","type":"Expression"},"type":"Int32"},"pSysChangeVersion":{"value":{"value":"@item().SysChangeVersion","type":"Expression"},"type":"Int64"}}},"linkedServiceName":{"referenceName":"[parameters('ls_azure_sqldb_mdap_001')]","type":"LinkedServiceReference"}},{"name":"CreateEmptyFileWithHeader","type":"Copy","dependsOn":[{"activity":"Copy_DeltaDataToADLS","dependencyConditions":["Failed"]}],"policy":{"timeout":"7.00:00:00","retry":0,"retryIntervalInSeconds":30,"secureOutput":false,"secureInput":false},"userProperties":[],"typeProperties":{"source":{"type":"AzureSqlSource","sqlReaderQuery":{"value":"SELECT ColumnNames from [dbo].[MasterTableWithSourceColumnNames] WHERE TableName = '@{item().TableName}' and DbName = '@{variables('DBName')}'","type":"Expression"},"queryTimeout":"02:00:00"},"sink":{"type":"DelimitedTextSink","storeSettings":{"type":"AzureBlobFSWriteSettings"},"formatSettings":{"type":"DelimitedTextWriteSettings","quoteAllText":true,"fileExtension":".csv"}},"enableStaging":false},"inputs":[{"referenceName":"ds_azure_sqldb_mdap","type":"DatasetReference","parameters":{}}],"outputs":[{"referenceName":"ds_deltaSinkCompressedFile","type":"DatasetReference","parameters":{"fileName":{"value":"@toLower(if(equals(item().SelectAll,True),concat(item().TableName,'.gz'),concat(formatDateTime(subtractFromTime(item().StartTime,item().IntervalMinutes,'Minute'),'yyyy_MM_dd_HH_mm'),'.gz')))","type":"Expression"},"folderPath":{"value":"@toLower(if(equals(item().SelectAll,True),concat(variables('DBName'),'/raw/master_data/'),concat(variables('DBName'),'/raw/',item().TableName,'/',formatDateTime(subtractFromTime(item().StartTime,item().IntervalMinutes,'Minute'),'yyyy-MM-dd-HH/'))))","type":"Expression"}}}]},{"name":"Copy_DeltaDataToDWHFolder","type":"Copy","dependsOn":[{"activity":"Copy_DeltaDataToADLS","dependencyConditions":["Succeeded"]}],"policy":{"timeout":"0.00:30:00","retry":0,"retryIntervalInSeconds":30,"secureOutput":false,"secureInput":false},"userProperties":[],"typeProperties":{"source":{"type":"DelimitedTextSource","storeSettings":{"type":"AzureBlobFSReadSettings","recursive":true},"formatSettings":{"type":"DelimitedTextReadSettings"}},"sink":{"type":"DelimitedTextSink","storeSettings":{"type":"AzureBlobFSWriteSettings"},"formatSettings":{"type":"DelimitedTextWriteSettings","quoteAllText":true,"fileExtension":".csv"}},"enableStaging":false},"inputs":[{"referenceName":"ds_deltaSinkCompressedFile","type":"DatasetReference","parameters":{"fileName":{"value":"@toLower(if(\nequals(item().SelectAll,True),\nconcat(item().TableName,'.gz'),\nconcat(formatDateTime(subtractFromTime(item().StartTime,item().IntervalMinutes,'Minute'),'yyyy_MM_dd_HH_mm'),'.gz')))","type":"Expression"},"folderPath":{"value":"@toLower(if(equals(item().SelectAll,True),concat(variables('DBName'),'/raw/master_data/'),concat(variables('DBName'),'/raw/',item().TableName,'/',formatDateTime(subtractFromTime(item().StartTime,item().IntervalMinutes,'Minute'),'yyyy-MM-dd-HH/'))))","type":"Expression"}}}],"outputs":[{"referenceName":"ds_SinkCompressedFile_tilde","type":"DatasetReference","parameters":{"FolderPath":{"value":"@toLower(if(equals(item().SelectAll,True),concat(variables('DBName'),'/dwhdelta/master_data/'),concat(variables('DBName'),'/dwhdelta/',item().TableName,'/',formatDateTime(subtractFromTime(item().StartTime,item().IntervalMinutes,'Minute'),'yyyy-MM-dd-HH/'))))","type":"Expression"},"FileName":{"value":"@toLower(if(equals(item().SelectAll,True),concat(item().TableName,'.gz'),concat(formatDateTime(subtractFromTime(item().StartTime,item().IntervalMinutes,'Minute'),'yyyy_MM_dd_HH_mm'),'.gz')))","type":"Expression"}}}]},{"name":"CreateEmptyFileWithHeader_DWHFolder","type":"Copy","dependsOn":[{"activity":"CreateEmptyFileWithHeader","dependencyConditions":["Succeeded"]}],"policy":{"timeout":"7.00:00:00","retry":0,"retryIntervalInSeconds":30,"secureOutput":false,"secureInput":false},"userProperties":[],"typeProperties":{"source":{"type":"DelimitedTextSource","storeSettings":{"type":"AzureBlobFSReadSettings","recursive":true},"formatSettings":{"type":"DelimitedTextReadSettings"}},"sink":{"type":"DelimitedTextSink","storeSettings":{"type":"AzureBlobFSWriteSettings"},"formatSettings":{"type":"DelimitedTextWriteSettings","quoteAllText":true,"fileExtension":".csv"}},"enableStaging":false},"inputs":[{"referenceName":"ds_deltaSinkCompressedFile","type":"DatasetReference","parameters":{"fileName":{"value":"@toLower(if(equals(item().SelectAll,True),concat(item().TableName,'.gz'),concat(formatDateTime(subtractFromTime(item().StartTime,item().IntervalMinutes,'Minute'),'yyyy_MM_dd_HH_mm'),'.gz')))","type":"Expression"},"folderPath":{"value":"@toLower(if(equals(item().SelectAll,True),concat(variables('DBName'),'/raw/master_data/'),concat(variables('DBName'),'/raw/',item().TableName,'/',formatDateTime(subtractFromTime(item().StartTime,item().IntervalMinutes,'Minute'),'yyyy-MM-dd-HH/'))))","type":"Expression"}}}],"outputs":[{"referenceName":"ds_SinkCompressedFile_tilde","type":"DatasetReference","parameters":{"FolderPath":{"value":"@toLower(if(equals(item().SelectAll,True),concat(variables('DBName'),'/dwhdelta/master_data/'),concat(variables('DBName'),'/dwhdelta/',item().TableName,'/',formatDateTime(subtractFromTime(item().StartTime,item().IntervalMinutes,'Minute'),'yyyy-MM-dd-HH/'))))","type":"Expression"},"FileName":{"value":"@toLower(if(equals(item().SelectAll,True),concat(item().TableName,'.gz'),concat(formatDateTime(subtractFromTime(item().StartTime,item().IntervalMinutes,'Minute'),'yyyy_MM_dd_HH_mm'),'.gz')))","type":"Expression"}}}]},{"name":"AddToTableList","type":"AppendVariable","dependsOn":[{"activity":"sp_UpdateAfterDeltaLoadSuccess","dependencyConditions":["Succeeded"]}],"userProperties":[],"typeProperties":{"variableName":"TableList","value":{"value":"@item().TableName","type":"Expression"}}},{"name":"sp_UpdateAfterDeltaLoadFailure_copy1","type":"SqlServerStoredProcedure","dependsOn":[{"activity":"CreateEmptyFileWithHeader_DWHFolder_copy","dependencyConditions":["Succeeded"]}],"policy":{"timeout":"7.00:00:00","retry":0,"retryIntervalInSeconds":30,"secureOutput":false,"secureInput":false},"userProperties":[],"typeProperties":{"storedProcedureName":"[[dbo].[spManageRuns]","storedProcedureParameters":{"pFailureCount":{"value":"1","type":"Int32"},"pIntervalMinutes":{"value":{"value":"@{item().IntervalMinutes}","type":"Expression"},"type":"Int32"},"pProcessType":{"value":{"value":"@{item().ProcessType}","type":"Expression"},"type":"String"},"pSchemaName":{"value":{"value":"@variables('DBName')","type":"Expression"},"type":"String"},"pStartTime":{"value":{"value":"@{item().StartTime}","type":"Expression"},"type":"DateTime"},"pSuccess":{"value":{"value":"False","type":"Expression"},"type":"Boolean"},"pTableName":{"value":{"value":"@{item().TableName}","type":"Expression"},"type":"String"},"pSelectAll":{"value":{"value":"@{item().SelectAll}","type":"Expression"},"type":"Boolean"},"pRecordCount":{"value":{"value":"0","type":"Expression"},"type":"Int32"},"pSysChangeVersion":{"value":{"value":"@item().SysChangeVersion","type":"Expression"},"type":"Int64"}}},"linkedServiceName":{"referenceName":"[parameters('ls_azure_sqldb_mdap_001')]","type":"LinkedServiceReference"}},{"name":"Copy_DeletedRecords","type":"Copy","dependsOn":[{"activity":"Copy_DeltaDataToDWHFolder","dependencyConditions":["Succeeded"]}],"policy":{"timeout":"7.00:00:00","retry":0,"retryIntervalInSeconds":30,"secureOutput":false,"secureInput":false},"userProperties":[],"typeProperties":{"source":{"type":"SqlServerSource","sqlReaderStoredProcedureName":"[[dbo].[spMDAPGetDataLakeDeletedRecords]","storedProcedureParameters":{"pSchemaName":{"type":"String","value":{"value":"@item().SchemaName","type":"Expression"}},"pSelectAll":{"type":"Boolean","value":{"value":"@item().SelectAll","type":"Expression"}},"pTableName":{"type":"String","value":{"value":"@item().TableName","type":"Expression"}}},"queryTimeout":"02:00:00"},"sink":{"type":"DelimitedTextSink","storeSettings":{"type":"AzureBlobFSWriteSettings"},"formatSettings":{"type":"DelimitedTextWriteSettings","quoteAllText":true,"fileExtension":".txt"}},"enableStaging":false},"inputs":[{"referenceName":"ds_mdap_card_data_source_tables_001","type":"DatasetReference","parameters":{}}],"outputs":[{"referenceName":"ds_deltaSinkCompressedFile","type":"DatasetReference","parameters":{"fileName":{"value":"@toLower(concat(formatDateTime(subtractFromTime(item().StartTime,item().IntervalMinutes,'Minute'),'yyyy_MM_dd_HH_mm'),'.gz'))","type":"Expression"},"folderPath":{"value":"@toLower(concat(variables('DBName'),'/raw/',item().TableName,'/',formatDateTime(subtractFromTime(item().StartTime,item().IntervalMinutes,'Minute'),'yyyy-MM-dd-HH'),'_deleted/'))","type":"Expression"}}}]},{"name":"CreateEmptyFileWithHeader_copy","type":"Copy","dependsOn":[{"activity":"lu_GetDeltaRecordsCount","dependencyConditions":["Failed"]}],"policy":{"timeout":"7.00:00:00","retry":0,"retryIntervalInSeconds":30,"secureOutput":false,"secureInput":false},"userProperties":[],"typeProperties":{"source":{"type":"AzureSqlSource","sqlReaderQuery":{"value":"SELECT ColumnNames from [dbo].[MasterTableWithSourceColumnNames] WHERE TableName = '@{item().TableName}' and DbName = '@{variables('DBName')}'","type":"Expression"},"queryTimeout":"02:00:00"},"sink":{"type":"DelimitedTextSink","storeSettings":{"type":"AzureBlobFSWriteSettings"},"formatSettings":{"type":"DelimitedTextWriteSettings","quoteAllText":true,"fileExtension":".csv"}},"enableStaging":false},"inputs":[{"referenceName":"ds_azure_sqldb_mdap","type":"DatasetReference","parameters":{}}],"outputs":[{"referenceName":"ds_deltaSinkCompressedFile","type":"DatasetReference","parameters":{"fileName":{"value":"@toLower(if(equals(item().SelectAll,True),concat(item().TableName,'.gz'),concat(formatDateTime(subtractFromTime(item().StartTime,item().IntervalMinutes,'Minute'),'yyyy_MM_dd_HH_mm'),'.gz')))","type":"Expression"},"folderPath":{"value":"@toLower(if(equals(item().SelectAll,True),concat(variables('DBName'),'/raw/master_data/'),concat(variables('DBName'),'/raw/',item().TableName,'/',formatDateTime(subtractFromTime(item().StartTime,item().IntervalMinutes,'Minute'),'yyyy-MM-dd-HH/'))))","type":"Expression"}}}]},{"name":"CreateEmptyFileWithHeader_DWHFolder_copy","type":"Copy","dependsOn":[{"activity":"CreateEmptyFileWithHeader_copy","dependencyConditions":["Succeeded"]}],"policy":{"timeout":"7.00:00:00","retry":0,"retryIntervalInSeconds":30,"secureOutput":false,"secureInput":false},"userProperties":[],"typeProperties":{"source":{"type":"DelimitedTextSource","storeSettings":{"type":"AzureBlobFSReadSettings","recursive":true},"formatSettings":{"type":"DelimitedTextReadSettings"}},"sink":{"type":"DelimitedTextSink","storeSettings":{"type":"AzureBlobFSWriteSettings"},"formatSettings":{"type":"DelimitedTextWriteSettings","quoteAllText":true,"fileExtension":".csv"}},"enableStaging":false},"inputs":[{"referenceName":"ds_deltaSinkCompressedFile","type":"DatasetReference","parameters":{"fileName":{"value":"@toLower(if(equals(item().SelectAll,True),concat(item().TableName,'.gz'),concat(formatDateTime(subtractFromTime(item().StartTime,item().IntervalMinutes,'Minute'),'yyyy_MM_dd_HH_mm'),'.gz')))","type":"Expression"},"folderPath":{"value":"@toLower(if(equals(item().SelectAll,True),concat(variables('DBName'),'/raw/master_data/'),concat(variables('DBName'),'/raw/',item().TableName,'/',formatDateTime(subtractFromTime(item().StartTime,item().IntervalMinutes,'Minute'),'yyyy-MM-dd-HH/'))))","type":"Expression"}}}],"outputs":[{"referenceName":"ds_SinkCompressedFile_tilde","type":"DatasetReference","parameters":{"FolderPath":{"value":"@toLower(if(equals(item().SelectAll,True),concat(variables('DBName'),'/dwhdelta/master_data/'),concat(variables('DBName'),'/dwhdelta/',item().TableName,'/',formatDateTime(subtractFromTime(item().StartTime,item().IntervalMinutes,'Minute'),'yyyy-MM-dd-HH/'))))","type":"Expression"},"FileName":{"value":"@toLower(if(equals(item().SelectAll,True),concat(item().TableName,'.gz'),concat(formatDateTime(subtractFromTime(item().StartTime,item().IntervalMinutes,'Minute'),'yyyy_MM_dd_HH_mm'),'.gz')))","type":"Expression"}}}]},{"name":"Copy_DeletedRecordsDWH","type":"Copy","dependsOn":[{"activity":"Copy_DeletedRecords","dependencyConditions":["Succeeded"]}],"policy":{"timeout":"7.00:00:00","retry":0,"retryIntervalInSeconds":30,"secureOutput":false,"secureInput":false},"userProperties":[],"typeProperties":{"source":{"type":"DelimitedTextSource","storeSettings":{"type":"AzureBlobFSReadSettings","recursive":true},"formatSettings":{"type":"DelimitedTextReadSettings"}},"sink":{"type":"DelimitedTextSink","storeSettings":{"type":"AzureBlobFSWriteSettings"},"formatSettings":{"type":"DelimitedTextWriteSettings","quoteAllText":true,"fileExtension":".txt"}},"enableStaging":false},"inputs":[{"referenceName":"ds_deltaSinkCompressedFile","type":"DatasetReference","parameters":{"fileName":{"value":"@toLower(concat(formatDateTime(subtractFromTime(item().StartTime,item().IntervalMinutes,'Minute'),'yyyy_MM_dd_HH_mm'),'.gz'))","type":"Expression"},"folderPath":{"value":"@toLower(concat(variables('DBName'),'/raw/',item().TableName,'/',formatDateTime(subtractFromTime(item().StartTime,item().IntervalMinutes,'Minute'),'yyyy-MM-dd-HH'),'_deleted/'))","type":"Expression"}}}],"outputs":[{"referenceName":"ds_SinkCompressedFile_tilde","type":"DatasetReference","parameters":{"FolderPath":{"value":"@toLower(concat(variables('DBName'),'/dwhdelta/',item().TableName,'/',formatDateTime(subtractFromTime(item().StartTime,item().IntervalMinutes,'Minute'),'yyyy-MM-dd-HH'),'_deleted/'))","type":"Expression"},"FileName":{"value":"@toLower(concat(formatDateTime(subtractFromTime(item().StartTime,item().IntervalMinutes,'Minute'),'yyyy_MM_dd_HH_mm'),'.gz'))","type":"Expression"}}}]}]}},{"name":"lu_DeltaTablesFromControlTable","type":"Lookup","dependsOn":[],"policy":{"timeout":"7.00:00:00","retry":0,"retryIntervalInSeconds":30,"secureOutput":false,"secureInput":false},"userProperties":[],"typeProperties":{"source":{"type":"AzureSqlSource","sqlReaderStoredProcedureName":"[[dbo].[spMDAPLookUpTables]","storedProcedureParameters":{"pBatch":{"type":"String","value":{"value":"@pipeline().parameters.Batch","type":"Expression"}},"pProcessType":{"type":"String","value":"DeltaLoad"},"pSchemaName":{"type":"String","value":{"value":"@variables('DBName')","type":"Expression"}}},"queryTimeout":"02:00:00"},"dataset":{"referenceName":"ds_azure_sqldb_mdap","type":"DatasetReference","parameters":{}},"firstRowOnly":false}},{"name":"If Condition1","type":"IfCondition","dependsOn":[{"activity":"ForEach_Table","dependencyConditions":["Succeeded"]}],"userProperties":[],"typeProperties":{"expression":{"value":"@equals(activity('lu_DeltaTablesFromControlTable').output.count,length(variables('TableList')))","type":"Expression"},"ifTrueActivities":[{"name":"Execute_DWHLoadPipeline","type":"ExecutePipeline","dependsOn":[],"userProperties":[],"typeProperties":{"pipeline":{"referenceName":"pl_PopulateDimFacts","type":"PipelineReference"},"waitOnCompletion":true,"parameters":{"Batch":{"value":"@activity('lu_DeltaTablesFromControlTable').output.Batch","type":"Expression"}}}}]}}],"parameters":{"Batch":{"type":"string"}},"variables":{"DBName":{"type":"String","defaultValue":"CardData"},"TableList":{"type":"Array"}},"folder":{"name":"Delta"},"annotations":[]},"dependsOn":["[concat(variables('factoryId'), '/datasets/ds_azure_sqldb_mdap')]","[concat(variables('factoryId'), '/datasets/ds_mdap_card_data_source_tables_001')]","[concat(variables('factoryId'), '/datasets/ds_deltaSinkCompressedFile')]","[concat(variables('factoryId'), '/datasets/ds_SinkCompressedFile_tilde')]","[concat(variables('factoryId'), '/pipelines/pl_PopulateDimFacts')]"]},{"name":"[concat(parameters('factoryName'), '/ds_azure_sqldb_mdap')]","type":"Microsoft.DataFactory/factories/datasets","apiVersion":"2018-06-01","properties":{"linkedServiceName":{"referenceName":"[parameters('ls_azure_sqldb_mdap_001')]","type":"LinkedServiceReference"},"folder":{"name":"Source"},"annotations":[],"type":"AzureSqlTable","schema":[],"typeProperties":{}},"dependsOn":[]},{"name":"[concat(parameters('factoryName'), '/ds_mdap_card_data_source_tables_001')]","type":"Microsoft.DataFactory/factories/datasets","apiVersion":"2018-06-01","properties":{"linkedServiceName":{"referenceName":"[parameters('ls_mdap_card_data_on_prem_db_env_001')]","type":"LinkedServiceReference"},"folder":{"name":"Source"},"annotations":[],"type":"SqlServerTable","schema":[],"typeProperties":{}},"dependsOn":[]},{"name":"[concat(parameters('factoryName'), '/ds_deltaSinkCompressedFile')]","type":"Microsoft.DataFactory/factories/datasets","apiVersion":"2018-06-01","properties":{"linkedServiceName":{"referenceName":"[parameters('ls_mdap_sa')]","type":"LinkedServiceReference"},"parameters":{"fileName":{"type":"string"},"folderPath":{"type":"string"}},"folder":{"name":"Sink"},"annotations":[],"type":"DelimitedText","typeProperties":{"location":{"type":"AzureBlobFSLocation","fileName":{"value":"@dataset().fileName","type":"Expression"},"folderPath":{"value":"@dataset().folderPath","type":"Expression"},"fileSystem":"mocdata"},"columnDelimiter":",","compressionCodec":"gzip","compressionLevel":"Optimal","escapeChar":"\\","firstRowAsHeader":true,"quoteChar":"\""},"schema":[]},"dependsOn":[]},{"name":"[concat(parameters('factoryName'), '/ds_SinkCompressedFile_tilde')]","type":"Microsoft.DataFactory/factories/datasets","apiVersion":"2018-06-01","properties":{"linkedServiceName":{"referenceName":"[parameters('ls_mdap_sa')]","type":"LinkedServiceReference"},"parameters":{"FolderPath":{"type":"string"},"FileName":{"type":"string"}},"folder":{"name":"Sink"},"annotations":[],"type":"DelimitedText","typeProperties":{"location":{"type":"AzureBlobFSLocation","fileName":{"value":"@dataset().FileName","type":"Expression"},"folderPath":{"value":"@dataset().FolderPath","type":"Expression"},"fileSystem":"mocdata"},"columnDelimiter":"~","compressionCodec":"gzip","compressionLevel":"Optimal","encodingName":"UTF-8","escapeChar":"","firstRowAsHeader":true,"quoteChar":""},"schema":[]},"dependsOn":[]},{"name":"[concat(parameters('factoryName'), '/pl_PopulateDimFacts')]","type":"Microsoft.DataFactory/factories/pipelines","apiVersion":"2018-06-01","properties":{"activities":[{"name":"sp_PopulateDimFacts","type":"SqlServerStoredProcedure","dependsOn":[{"activity":"sp_ValidateDWHFiles","dependencyConditions":["Succeeded"]}],"policy":{"timeout":"7.00:00:00","retry":0,"retryIntervalInSeconds":30,"secureOutput":false,"secureInput":false},"userProperties":[],"typeProperties":{"storedProcedureName":"[[CardData].[spRefreshDimsFactsTransactions]"},"linkedServiceName":{"referenceName":"[parameters('ls_azure_sqldw_mdap_001')]","type":"LinkedServiceReference"}},{"name":"Delete_DatalakeFilesAfterLoad","type":"Delete","dependsOn":[{"activity":"sp_PopulateDimFacts","dependencyConditions":["Succeeded"]}],"policy":{"timeout":"7.00:00:00","retry":0,"retryIntervalInSeconds":30,"secureOutput":false,"secureInput":false},"userProperties":[],"typeProperties":{"dataset":{"referenceName":"ds_bulkSinkCompressedFile","type":"DatasetReference","parameters":{"FolderPath":"carddata/dwhSample","FileName":"*.gz"}},"enableLogging":false,"storeSettings":{"type":"AzureBlobFSReadSettings","recursive":true,"wildcardFileName":"*.gz"}}},{"name":"sp_ValidateDWHFiles","type":"SqlServerStoredProcedure","dependsOn":[],"policy":{"timeout":"7.00:00:00","retry":0,"retryIntervalInSeconds":30,"secureOutput":false,"secureInput":false},"userProperties":[],"typeProperties":{"storedProcedureName":"[[dbo].[spValidateDWHFiles]","storedProcedureParameters":{"pSchemaName":{"value":{"value":"@variables('SchemaName')","type":"Expression"},"type":"String"},"pBatch":{"value":{"value":"@pipeline().parameters.Batch","type":"Expression"},"type":"String"}}},"linkedServiceName":{"referenceName":"[parameters('ls_azure_sqldw_mdap_001')]","type":"LinkedServiceReference"}}],"parameters":{"Batch":{"type":"string"}},"variables":{"SchemaName":{"type":"String","defaultValue":"CardData"}},"folder":{"name":"DWH"},"annotations":[]},"dependsOn":["[concat(variables('factoryId'), '/datasets/ds_bulkSinkCompressedFile')]"]},{"name":"[concat(parameters('factoryName'), '/ds_bulkSinkCompressedFile')]","type":"Microsoft.DataFactory/factories/datasets","apiVersion":"2018-06-01","properties":{"linkedServiceName":{"referenceName":"[parameters('ls_mdap_sa')]","type":"LinkedServiceReference"},"parameters":{"FolderPath":{"type":"string"},"FileName":{"type":"string"}},"folder":{"name":"Sink"},"annotations":[],"type":"DelimitedText","typeProperties":{"location":{"type":"AzureBlobFSLocation","fileName":{"value":"@dataset().FileName","type":"Expression"},"folderPath":{"value":"@dataset().FolderPath","type":"Expression"},"fileSystem":"mocdata"},"columnDelimiter":"~","compressionCodec":"gzip","compressionLevel":"Optimal","encodingName":"UTF-8","escapeChar":"","firstRowAsHeader":true,"quoteChar":""},"schema":[]},"dependsOn":[]}]}